name,completename,comment,is_helpdeskvisible
"Gestión Integral de la Estrategia Digital","Gestión Integral de la Estrategia Digital","Familia de servicio encargada de gestionar integralmente la estrategia, operación y cumplimiento normativo de la transformación digital del Ministerio. Su propósito es formular, ejecutar y evaluar la Estrategia de Comunicación Digital, lo que incluye el diseño de la parrilla de contenidos, el cubrimiento de eventos, la publicación en canales digitales y la generación de análisis de métricas. En paralelo, acompaña la implementación de la Estrategia de Gobierno Digital, garantizando el cumplimiento normativo con las directrices del Ministerio TIC. El alcance abarca la participación activa en todas las reuniones requeridas para el ciclo de la estrategia digital, velando por la alineación de los objetivos comunicativos, la calidad de los contenidos (oportunidad, veracidad, objetividad) y el marco regulatorio aplicable.",0
"Publicaciones en Canales Digitales Institucionales","Publicaciones en Canales Digitales Institucionales","Prestar apoyo en las publicaciones que se requieran, para los distintos canales digitales institucionales, velando por el cumplimiento de los lineamientos estratégicos de comunicación digital definidos por el coordinador del grupo en cuanto a oportunidad, calidad de la información, pertinencia, veracidad, claridad, objetividad y tiempos de entrega.",1
"Formulación y Ejecución de Estrategia de Comunicación Digital","Formulación y Ejecución de Estrategia de Comunicación Digital","Prestar apoyo en la formulación y ejecución de la estrategia de comunicación digital, que contemple expectativa, posicionamiento, crecimiento y fidelización de audiencias y comunidades, tanto en las plataformas web como en las redes sociales creadas y administradas por el Ministerio.",1
"Gestión de Publicaciones Digitales","Gestión de Publicaciones Digitales","Familia de servicio encargada de prestar apoyo en la creación, revisión y publicación de contenidos para los distintos canales digitales institucionales. Su propósito es garantizar que todas las publicaciones cumplan con los lineamientos estratégicos de comunicación digital, velando por la oportunidad, calidad, veracidad, pertinencia, claridad, objetividad y tiempos de entrega definidos por la coordinación del área. El alcance incluye el soporte continuo para mantener una comunicación digital alineada con los objetivos institucionales.",0
"Estrategia y Comunicación Digital","Estrategia y Comunicación Digital","Familia de servicio responsable de apoyar la formulación, implementación y ejecución de la estrategia integral de comunicación digital del Ministerio. Su propósito es contribuir al posicionamiento, crecimiento y fidelización de las audiencias y comunidades en los entornos digitales institucionales. El alcance incluye el diseño y gestión de estrategias para las plataformas web y redes sociales oficiales, enfocadas en cumplir los objetivos de expectativa, alcance y engagement definidos por la institución.",0
"Parrilla de Contenidos, Registro y Estadísticas","Parrilla de Contenidos, Registro y Estadísticas","Apoyar en el diseño de una parrilla de contenidos para todos los medios digitales internos del Ministerio, en la que se lleve registro diario de las publicaciones que realice, con el fin de generar estadísticas e informes de temáticas, áreas que demandan y formatos utilizados.",1
"Gestión e Implementación de la Estrategia Digital Integral","Gestión e Implementación de la Estrategia Digital Integral","Familia para la gestión e implementación de la estrategia digital integral.",0
"Implementación de Estrategia de Gobierno Digital","Implementación de Estrategia de Gobierno Digital","Acompañar en la implementación de la estrategia de Gobierno Digital de la entidad, en cumplimiento de la normatividad vigente, ajustada a las directrices del Ministerio de Tecnologías de la Información y las Comunicaciones, acorde a los objetivos la estrategia de comunicaciones de la entidad.",1
"Cubrimiento de Eventos y Actividades","Cubrimiento de Eventos y Actividades","Apoyar el cubrimiento de eventos y actividades que le sean asignados, dentro y fuera de las instalaciones del Ministerio, y de la ciudad que así lo requiera.",1
"Gestión de la Parrilla y Análisis de Contenidos Digitales","Gestión de la Parrilla y Análisis de Contenidos Digitales","Familia de servicio encargada de diseñar, mantener y analizar la parrilla de contenidos para todos los medios digitales internos del Ministerio. Su propósito es establecer un registro diario sistemático de todas las publicaciones, que sirva como base para la generación de estadísticas, informes y métricas sobre temáticas cubiertas, áreas demandantes y formatos utilizados. El alcance garantiza la trazabilidad del contenido publicado y proporciona insumos de datos para la evaluación y mejora continua de la comunicación digital institucional.",0
"Cubrimiento y Registro de Eventos","Cubrimiento y Registro de Eventos","Familia de servicio encargada de prestar apoyo operativo y logístico para el cubrimiento de eventos, actividades y agendas asignadas por el Ministerio. Su propósito es garantizar el registro audiovisual y documental (fotográfico, de video, notas) de los eventos tanto dentro como fuera de las instalaciones de la entidad, incluyendo desplazamientos a nivel nacional cuando se requiera. El alcance asegura la captura de material de calidad que posteriormente alimente los canales de comunicación digital y los archivos institucionales.",0
"Reuniones de Estrategia de Comunicación Digital","Reuniones de Estrategia de Comunicación Digital","Asistir a las reuniones que requieran formulación, implementación y/o evaluación de la estrategia de comunicación digital del Ministerio.",1
"Actividades de Soporte y Tareas Conexas del Contrato","Actividades de Soporte y Tareas Conexas del Contrato","Familia de servicio designada para la ejecución de actividades, tareas o requerimientos específicos no previstos inicialmente, que sean asignados por la supervisión del contrato durante su vigencia. Su propósito es proveer flexibilidad operativa y capacidad de respuesta para atender necesidades puntuales de apoyo administrativo, logístico o técnico que se deriven de la gestión del contrato principal y que estén alineadas con su objeto. El alcance se define caso a caso según la asignación formal de la supervisión, siempre dentro del marco jurídico y presupuestal del contrato.",0
"Confidencialidad de Información Reservada","Confidencialidad de Información Reservada","Guardar confidencialidad en la información de carácter reservado, que le sea entregada durante la ejecución del contrato.",1
"Demás Actividades Asignadas por el Supervisor","Demás Actividades Asignadas por el Supervisor","Las demás que le sean asignadas por parte del supervisor del contrato.",1
"Desarrollo y Mantenimiento de Sitios Web Especializados","Gestión Integral de la Estrategia Digital > Desarrollo y Mantenimiento de Sitios Web Especializados","Servicio para el desarrollo, actualización y mantenimiento técnico de sitios web, landings pages y aplicativos web especializados del Ministerio.",0
"Publicaciones en Canales Digitales","Gestión Integral de la Estrategia Digital > Publicaciones en Canales Digitales","Publicaciones para los distintos canales digitales institucionales del Ministerio.",0
"Gestión de Contenidos y Actualizaciones Web","Gestión Integral de la Estrategia Digital > Gestión de Contenidos y Actualizaciones Web","Servicio para la edición, organización y actualización de contenidos en el portal principal y sitios secundarios del Ministerio.",0
"Comunicación Digital y Divulgación","Gestión Integral de la Estrategia Digital > Comunicación Digital y Divulgación","Servicio para la gestión de contenidos divulgativos, prensa y comunicación institucional en formatos digitales.",0
"Gestión de Recursos y Documentación Digital","Gestión Integral de la Estrategia Digital > Gestión de Recursos y Documentación Digital","Servicio para la organización, gestión y mantenimiento de recursos documentales y administrativos en formato digital.",0
"Soporte Técnico y Experimental Digital","Gestión Integral de la Estrategia Digital > Soporte Técnico y Experimental Digital","Servicio para actividades técnicas, experimentales y de soporte especializado en el entorno digital.",0
"Publicaciones en Canales Digitales","Publicaciones en Canales Digitales Institucionales > Publicaciones en Canales Digitales","Prestar apoyo en las publicaciones que se requieran, para los distintos canales digitales institucionales, velando por el cumplimiento de los lineamientos estratégicos de comunicación digital definidos por el coordinador del grupo en cuanto a oportunidad, calidad de la información, pertinencia, veracidad, claridad, objetividad y tiempos de entrega.",1
"Estrategia de Comunicación Digital","Formulación y Ejecución de Estrategia de Comunicación Digital > Estrategia de Comunicación Digital","Prestar apoyo en la formulación y ejecución de la estrategia de comunicación digital, que contemple expectativa, posicionamiento, crecimiento y fidelización de audiencias y comunidades, tanto en las plataformas web como en las redes sociales creadas y administradas por el Ministerio.",1
"1. Publicación y Actualización Técnica de Contenidos Web","Gestión de Publicaciones Digitales > 1. Publicación y Actualización Técnica de Contenidos Web","Servicio técnico para la publicación, edición y actualización de contenidos en el portal principal, landings pages y micrositios del Ministerio, mediante manipulación directa de código (HTML, CSS, JS) y gestión de servidores.",0
"Estrategia de Comunicación Digital","Gestión de Publicaciones Digitales > Estrategia de Comunicación Digital","Formulación y ejecución de la estrategia de comunicación digital para posicionamiento y fidelización de audiencias.",0
"2. Desarrollo Técnico y Optimización de Sitios Web","Gestión de Publicaciones Digitales > 2. Desarrollo Técnico y Optimización de Sitios Web","Servicio para el desarrollo, optimización técnica y resolución de problemas en la arquitectura, rendimiento y funcionalidad de los sitios web institucionales.",0
"3. Gestión de Servidores y Arquitectura Web","Gestión de Publicaciones Digitales > 3. Gestión de Servidores y Arquitectura Web","Servicio especializado en la administración de servidores, estructura de archivos, dominios y seguridad técnica de los entornos web institucionales.",0
"4. Soporte Técnico Web a Áreas Internas","Gestión de Publicaciones Digitales > 4. Soporte Técnico Web a Áreas Internas","Servicio de soporte técnico directo a las diferentes áreas del Ministerio (Despacho, Divulgación y Prensa, DACMI, etc.) para necesidades específicas de publicación y gestión web.",0
"5. Gestión de Contenidos Estáticos y Documentación Técnica","Gestión de Publicaciones Digitales > 5. Gestión de Contenidos Estáticos y Documentación Técnica","Servicio para la gestión técnica de contenidos estáticos, documentación de procesos web y mantenimiento de archivos digitales institucionales.",0
"Consultoría y Gestión de Estrategia Digital Integrada","Estrategia y Comunicación Digital > Consultoría y Gestión de Estrategia Digital Integrada","Servicio de consultoría técnica para alinear la estrategia de comunicación digital con capacidades tecnológicas, frameworks de gobierno digital y marcos normativos (MINTIC).",0
"Registro de Publicaciones y Estadísticas","Estrategia y Comunicación Digital > Registro de Publicaciones y Estadísticas","Registro diario de publicaciones y generación de estadísticas e informes de gestión.",0
"Gestión Técnica de Plataformas y Canales de Comunicación Digital","Estrategia y Comunicación Digital > Gestión Técnica de Plataformas y Canales de Comunicación Digital","Servicio operativo para la administración, integración y optimización técnica de las plataformas que soportan los canales de comunicación digital (web, redes sociales, emailing).",0
"3. Producción y Gestión Técnica de Contenidos Digitales","Estrategia y Comunicación Digital > 3. Producción y Gestión Técnica de Contenidos Digitales","Servicio para la creación, adaptación y gestión técnica de contenidos digitales, asegurando su optimización para diferentes plataformas y formatos tecnológicos.",0
"4. Análisis Técnico, Business Intelligence y Reportes Automatizados","Estrategia y Comunicación Digital > 4. Análisis Técnico, Business Intelligence y Reportes Automatizados","Servicio de análisis de datos técnicos, implementación de dashboards y automatización de reportes para medir el desempeño y ROI de la comunicación digital.",0
"5. Soporte Técnico Especializado y Capacitación Comunicacional-Tecnológica","Estrategia y Comunicación Digital > 5. Soporte Técnico Especializado y Capacitación Comunicacional-Tecnológica","Servicio de soporte técnico especializado y capacitación para equipos de comunicación en el uso de herramientas y tecnologías digitales.",0
"Envío de comunicaciones masivas","Estrategia y Comunicación Digital > Envío de comunicaciones masivas","Planificación, configuración y ejecución de campañas de mailing para envío de comunicaciones masivas a públicos segmentados, incluyendo monitoreo básico de entrega.",0
"Registro de Publicaciones y Estadísticas","Parrilla de Contenidos, Registro y Estadísticas > Registro de Publicaciones y Estadísticas","Apoyar en el diseño de una parrilla de contenidos para todos los medios digitales internos del Ministerio, en la que se lleve registro diario de las publicaciones que realice, con el fin de generar estadísticas e informes de temáticas, áreas que demandan y formatos utilizados.",1
"1. Gobierno Digital y Cumplimiento Normativo TIC","Gestión e Implementación de la Estrategia Digital Integral > 1. Gobierno Digital y Cumplimiento Normativo TIC","Servicio para asegurar que todos los activos digitales y estrategias de comunicación cumplan con la normativa de Gobierno Digital (MINTIC), accesibilidad, transparencia y estándares técnicos vigentes.",0
"Gobierno Digital y Normatividad","Gestión e Implementación de la Estrategia Digital Integral > Gobierno Digital y Normatividad","Implementación de la estrategia de Gobierno Digital en cumplimiento de la normatividad vigente (MinTIC).",0
"2. Estrategia y Arquitectura de Comunicación Digital","Gestión e Implementación de la Estrategia Digital Integral > 2. Estrategia y Arquitectura de Comunicación Digital","Servicio para formular, alinear y evaluar la estrategia de comunicación digital con la arquitectura de información, los objetivos institucionales y los lineamientos de Gobierno Digital.",0
"3. Desarrollo, Operación y Mantenimiento Técnico Web","Gestión e Implementación de la Estrategia Digital Integral > 3. Desarrollo, Operación y Mantenimiento Técnico Web","Servicio técnico para el desarrollo, la operación continua, el mantenimiento correctivo y evolutivo de los portales web, landings, micrositios y aplicativos del Ministerio.",0
"4. Producción y Gestión Integral de Contenidos Digitales","Gestión e Implementación de la Estrategia Digital Integral > 4. Producción y Gestión Integral de Contenidos Digitales","Servicio para la creación, edición, publicación y gestión del ciclo de vida de los contenidos digitales (texto, multimedia, datos) en todos los canales oficiales.",0
"5. Análisis, Métricas y Mejora Continua Digital","Gestión e Implementación de la Estrategia Digital Integral > 5. Análisis, Métricas y Mejora Continua Digital","Servicio para medir, analizar y reportar el desempeño de todos los activos digitales, y proponer e implementar planes de mejora continua basados en datos.",0
"Gobierno Digital y Normatividad","Implementación de Estrategia de Gobierno Digital > Gobierno Digital y Normatividad","Acompañar en la implementación de la estrategia de Gobierno Digital de la entidad, en cumplimiento de la normatividad vigente, ajustada a las directrices del Ministerio de Tecnologías de la Información y las Comunicaciones, acorde a los objetivos la estrategia de comunicaciones de la entidad.",1
"Cubrimiento Digital de Eventos","Cubrimiento de Eventos y Actividades > Cubrimiento Digital de Eventos","Apoyar el cubrimiento de eventos y actividades que le sean asignados, dentro y fuera de las instalaciones del Ministerio, y de la ciudad que así lo requiera.",1
"1. Diseño y Programación de la Parrilla Editorial Digital","Gestión de la Parrilla y Análisis de Contenidos Digitales > 1. Diseño y Programación de la Parrilla Editorial Digital","Servicio para el diseño, estructuración y programación detallada de la parrilla de contenidos digitales, alineada con los objetivos comunicacionales y cronogramas institucionales.",0
"Cubrimiento de Eventos y Actividades","Gestión de la Parrilla y Análisis de Contenidos Digitales > Cubrimiento de Eventos y Actividades","Apoyo al cubrimiento digital de eventos y actividades del Ministerio.",0
"2. Registro y Sistematización de Publicaciones","Gestión de la Parrilla y Análisis de Contenidos Digitales > 2. Registro y Sistematización de Publicaciones","Servicio para el registro diario, catalogación y organización de todas las publicaciones realizadas en los canales digitales, creando una base de datos para análisis.",0
"3. Análisis de Desempeño y Métricas de Contenidos","Gestión de la Parrilla y Análisis de Contenidos Digitales > 3. Análisis de Desempeño y Métricas de Contenidos","Servicio para la extracción, procesamiento y análisis de datos cuantitativos y cualitativos del desempeño de los contenidos publicados.",0
"4. Optimización y Recomendaciones Estratégicas","Gestión de la Parrilla y Análisis de Contenidos Digitales > 4. Optimización y Recomendaciones Estratégicas","Servicio que utiliza los datos analizados para generar insights, recomendaciones y propuestas de mejora para la estrategia de contenidos digitales.",0
"Planificación y Logística para Cubrimiento de Eventos","Cubrimiento y Registro de Eventos > Planificación y Logística para Cubrimiento de Eventos","Servicio para la coordinación previa, planificación técnica y logística necesaria para garantizar un cubrimiento efectivo de eventos institucionales, tanto dentro como fuera de las instalaciones del Ministerio.",0
"Reuniones de Estrategia Digital","Cubrimiento y Registro de Eventos > Reuniones de Estrategia Digital","Asistencia a reuniones de formulación, implementación y evaluación de la estrategia de comunicación digital.",0
"Ejecución y Registro en Vivo de Eventos","Cubrimiento y Registro de Eventos > Ejecución y Registro en Vivo de Eventos","Servicio de ejecución operativa durante el evento, incluyendo la captura de material audiovisual y documental (foto, video, audio) de acuerdo con los lineamientos y plan establecidos.",0
"Postproducción y Entrega de Productos Finales","Cubrimiento y Registro de Eventos > Postproducción y Entrega de Productos Finales","Servicio de procesamiento, edición, organización y entrega formal de todos los materiales generados durante el cubrimiento del evento, listos para su uso o archivo institucional.",0
"Soporte Adicional y Gestión de Imprevistos","Cubrimiento y Registro de Eventos > Soporte Adicional y Gestión de Imprevistos","Servicio para atender requerimientos especiales, cambios de última hora e imprevistos durante el cubrimiento, garantizando la continuidad y calidad del servicio.",0
"Reuniones de Estrategia Digital","Reuniones de Estrategia de Comunicación Digital > Reuniones de Estrategia Digital","Asistir a las reuniones que requieran formulación, implementación y/o evaluación de la estrategia de comunicación digital del Ministerio.",1
"Confidencialidad de Información","Actividades de Soporte y Tareas Conexas del Contrato > Confidencialidad de Información","Guardar confidencialidad en la información de carácter reservado entregada durante la ejecución del contrato.",0
"Gestión de Requerimientos Adicionales y No Catalogados","Actividades de Soporte y Tareas Conexas del Contrato > Gestión de Requerimientos Adicionales y No Catalogados","Servicio para la recepción, análisis y ejecución de requerimientos, tareas o actividades específicas no incluidas en los servicios principales del contrato, asignadas formalmente por la supervisión.",0
"Soporte Logístico y Operativo para Iniciativas Digitales","Actividades de Soporte y Tareas Conexas del Contrato > Soporte Logístico y Operativo para Iniciativas Digitales","Servicio de apoyo logístico, de coordinación o operativo requerido para el lanzamiento, ejecución o cierre de proyectos, eventos o iniciativas digitales específicas.",0
"Asesoría y Acompañamiento en Solicitudes Específicas","Actividades de Soporte y Tareas Conexas del Contrato > Asesoría y Acompañamiento en Solicitudes Específicas","Servicio para brindar asesoría, acompañamiento o consultoría en temas digitales, comunicativos o de gestión, surgidos como necesidad puntual durante la vigencia del contrato.",0
"Gestión de Información Reservada","Confidencialidad de Información Reservada > Gestión de Información Reservada","Guardar confidencialidad en la información de carácter reservado, que le sea entregada durante la ejecución del contrato.",1
"Actividades Asignadas por Supervisor","Demás Actividades Asignadas por el Supervisor > Actividades Asignadas por Supervisor","Las demás que le sean asignadas por parte del supervisor del contrato.",1
"Arquitectura de Contenido para Nuevos Sitios","Gestión Integral de la Estrategia Digital > Desarrollo y Mantenimiento de Sitios Web Especializados > Arquitectura de Contenido para Nuevos Sitios","Inventario de recursos, estructura de contenidos, apoyo en lanzamiento (Túnel del Tiempo Santa Marta).",0
"Desarrollo de Aplicativos Web Interactivos","Gestión Integral de la Estrategia Digital > Desarrollo y Mantenimiento de Sitios Web Especializados > Desarrollo de Aplicativos Web Interactivos","Estructura de datos y desarrollo de aplicativos (Mapa de Movilidades y Oportunidades Internacionales).",0
"Desarrollo de Landing Pages Temáticas","Gestión Integral de la Estrategia Digital > Desarrollo y Mantenimiento de Sitios Web Especializados > Desarrollo de Landing Pages Temáticas","Creación y actualización de landings (Palacio 40 años, Ley General de Cultura, Santa Marta 500 años).",0
"Mantenimiento de Páginas y Micrositios","Gestión Integral de la Estrategia Digital > Desarrollo y Mantenimiento de Sitios Web Especializados > Mantenimiento de Páginas y Micrositios","Actualización constante de contenidos con HTML, CSS, JavaScript (Artes para la Paz, Santa Marta Reencuentro).",0
"Actualización de Contenidos en Portal Principal","Gestión Integral de la Estrategia Digital > Publicaciones en Canales Digitales > Actualización de Contenidos en Portal Principal","Cambio de títulos, reemplazo de archivos, edición de textos, actualización de enlaces, imágenes y botones en el portal principal.",0
"Publicación de Noticia o Artículo","Gestión Integral de la Estrategia Digital > Publicaciones en Canales Digitales > Publicación de Noticia o Artículo","Creación y publicación de notas, noticias y artículos institucionales en el portal web.",0
"Publicación de Documento","Gestión Integral de la Estrategia Digital > Publicaciones en Canales Digitales > Publicación de Documento","Carga y publicación de documentos (PDF, resoluciones, circulares, informes) en el portal.",0
"Publicación de Banner","Gestión Integral de la Estrategia Digital > Publicaciones en Canales Digitales > Publicación de Banner","Creación y actualización de banners en el home o secciones internas del portal.",0
"Actualización de Contenidos en Portal Principal","Gestión Integral de la Estrategia Digital > Gestión de Contenidos y Actualizaciones Web > Actualización de Contenidos en Portal Principal","Edición de páginas del portal mincultura.gov.co.",0
"Coordinación de Actualizaciones por Área","Gestión Integral de la Estrategia Digital > Gestión de Contenidos y Actualizaciones Web > Coordinación de Actualizaciones por Área","Trabajo coordinado con áreas para actualización de contenidos.",0
"Gestión de Secciones Especiales","Gestión Integral de la Estrategia Digital > Gestión de Contenidos y Actualizaciones Web > Gestión de Secciones Especiales","Actualización de secciones como Transparencia, Reportes, Boletines, Agenda.",0
"Mantenimiento de Micrositios","Gestión Integral de la Estrategia Digital > Gestión de Contenidos y Actualizaciones Web > Mantenimiento de Micrositios","Actualización de contenidos en micrositios específicos.",0
"Apoyo a Grupo de Divulgación y Prensa","Gestión Integral de la Estrategia Digital > Comunicación Digital y Divulgación > Apoyo a Grupo de Divulgación y Prensa","Desarrollo de contenidos para prensa en formatos digitales.",0
"Coordinación de Contenidos Digitales","Gestión Integral de la Estrategia Digital > Comunicación Digital y Divulgación > Coordinación de Contenidos Digitales","Reuniones para coordinación de contenidos entre áreas.",0
"Desarrollo de Contenidos para Áreas Especializadas","Gestión Integral de la Estrategia Digital > Comunicación Digital y Divulgación > Desarrollo de Contenidos para Áreas Especializadas","Apoyo a DACMI, Poblaciones, Asuntos Internacionales.",0
"Gestión de Contenidos para Despacho","Gestión Integral de la Estrategia Digital > Comunicación Digital y Divulgación > Gestión de Contenidos para Despacho","Apoyo en contenidos digitales para el despacho ministerial.",0
"Gestión de Hojas de Vida y Actos Administrativos","Gestión Integral de la Estrategia Digital > Gestión de Recursos y Documentación Digital > Gestión de Hojas de Vida y Actos Administrativos","Digitalización y organización de documentos administrativos.",0
"Gestión de Parrilla de Contenidos","Gestión Integral de la Estrategia Digital > Gestión de Recursos y Documentación Digital > Gestión de Parrilla de Contenidos","Diseño y seguimiento de la programación de contenidos digitales.",0
"Informes Trimestrales Digitales","Gestión Integral de la Estrategia Digital > Gestión de Recursos y Documentación Digital > Informes Trimestrales Digitales","Elaboración y publicación de informes periódicos.",0
"Reportes para Mantenimiento","Gestión Integral de la Estrategia Digital > Gestión de Recursos y Documentación Digital > Reportes para Mantenimiento","Generación de reportes técnicos para mantenimiento de sistemas.",0
"Gestión de Servidores y Subdominios","Gestión Integral de la Estrategia Digital > Soporte Técnico y Experimental Digital > Gestión de Servidores y Subdominios","Administración de servidores para sitios especializados.",0
"Pruebas y Desarrollo Experimental","Gestión Integral de la Estrategia Digital > Soporte Técnico y Experimental Digital > Pruebas y Desarrollo Experimental","Pruebas técnicas de nuevas funcionalidades digitales.",0
"Soporte a Proyectos Especiales No Recurrentes","Gestión Integral de la Estrategia Digital > Soporte Técnico y Experimental Digital > Soporte a Proyectos Especiales No Recurrentes","Apoyo técnico para iniciativas digitales puntuales.",0
"Soporte para Mailing y Comunicaciones","Gestión Integral de la Estrategia Digital > Soporte Técnico y Experimental Digital > Soporte para Mailing y Comunicaciones","Apoyo en mailing experimental y funcional.",0
"Actualización de Contenidos en Portal Principal","Publicaciones en Canales Digitales Institucionales > Publicaciones en Canales Digitales > Actualización de Contenidos en Portal Principal","Cambio de títulos, reemplazo de archivos, edición de textos, actualización de enlaces, imágenes y botones en el portal principal.",1
"Publicación de Noticia o Artículo","Publicaciones en Canales Digitales Institucionales > Publicaciones en Canales Digitales > Publicación de Noticia o Artículo","Creación y publicación de notas, noticias y artículos institucionales en el portal web.",1
"Publicación de Documento","Publicaciones en Canales Digitales Institucionales > Publicaciones en Canales Digitales > Publicación de Documento","Carga y publicación de documentos (PDF, resoluciones, circulares, informes) en el portal.",1
"Publicación de Banner","Publicaciones en Canales Digitales Institucionales > Publicaciones en Canales Digitales > Publicación de Banner","Creación y actualización de banners en el home o secciones internas del portal.",1
"Verificación de Publicación","Publicaciones en Canales Digitales Institucionales > Publicaciones en Canales Digitales > Verificación de Publicación","Verificación de que una publicación realizada se ajuste y cumpla con lo solicitado.",1
"Ejecución de envío de comunicaciones masivas","Formulación y Ejecución de Estrategia de Comunicación Digital > Estrategia de Comunicación Digital > Ejecución de envío de comunicaciones masivas","Envío de mailings, boletines y comunicados institucionales a bases de destinatarios a través de plataforma de correo masivo.",1
"Gestión de Secciones Especiales y Campañas","Formulación y Ejecución de Estrategia de Comunicación Digital > Estrategia de Comunicación Digital > Gestión de Secciones Especiales y Campañas","Desarrollo de landings especiales para posicionamiento, cargue de revistas (Raya), secciones editoriales temáticas y campañas digitales.",1
"Reportes de Analítica Web","Formulación y Ejecución de Estrategia de Comunicación Digital > Estrategia de Comunicación Digital > Reportes de Analítica Web","Análisis de métricas web bajo solicitud, informes de alcance y comportamiento de audiencias.",1
"Gestión de listas de distribución y bases de destinatarios","Formulación y Ejecución de Estrategia de Comunicación Digital > Estrategia de Comunicación Digital > Gestión de listas de distribución y bases de destinatarios","Depuración, segmentación y actualización de bases de correos para envíos masivos.",1
"Publicación de Contenidos en Landing Pages","Gestión de Publicaciones Digitales > 1. Publicación y Actualización Técnica de Contenidos Web > Publicación de Contenidos en Landing Pages","Desarrollo y actualización técnica de landings (Ley General de Cultura, Palacio 40 años, Santa Marta 500 años).",0
"Mantenimiento de Micrositios y Subdominios","Gestión de Publicaciones Digitales > 1. Publicación y Actualización Técnica de Contenidos Web > Mantenimiento de Micrositios y Subdominios","Gestión técnica de sitios como Artes para la Paz, Túnel del Tiempo Santa Marta.",0
"Actualización de Secciones del Portal Principal","Gestión de Publicaciones Digitales > 1. Publicación y Actualización Técnica de Contenidos Web > Actualización de Secciones del Portal Principal","Edición técnica de páginas del portal mincultura.gov.co (Transparencia, Reportes, Boletines).",0
"Gestión Técnica de Aplicativos Web","Gestión de Publicaciones Digitales > 1. Publicación y Actualización Técnica de Contenidos Web > Gestión Técnica de Aplicativos Web","Soporte y actualización de aplicativos interactivos (Mapa de Movilidades y Oportunidades).",0
"Ejecución de envío de comunicaciones masivas","Gestión de Publicaciones Digitales > Estrategia de Comunicación Digital > Ejecución de envío de comunicaciones masivas","Envío de mailings, boletines y comunicados institucionales a bases de destinatarios a través de plataforma de correo masivo.",0
"Gestión de Secciones Especiales y Campañas","Gestión de Publicaciones Digitales > Estrategia de Comunicación Digital > Gestión de Secciones Especiales y Campañas","Desarrollo de landings especiales para posicionamiento, cargue de revistas (Raya), secciones editoriales temáticas y campañas digitales.",0
"Reportes de Analítica Web","Gestión de Publicaciones Digitales > Estrategia de Comunicación Digital > Reportes de Analítica Web","Análisis de métricas web bajo solicitud, informes de alcance y comportamiento de audiencias.",0
"Gestión de listas de distribución y bases de destinatarios","Gestión de Publicaciones Digitales > Estrategia de Comunicación Digital > Gestión de listas de distribución y bases de destinatarios","Depuración, segmentación y actualización de bases de correos para envíos masivos.",0
"Desarrollo de Nuevas Funcionalidades Web","Gestión de Publicaciones Digitales > 2. Desarrollo Técnico y Optimización de Sitios Web > Desarrollo de Nuevas Funcionalidades Web","Implementación técnica de nuevas secciones, formularios o características interactivas.",0
"Optimización de Código y Rendimiento","Gestión de Publicaciones Digitales > 2. Desarrollo Técnico y Optimización de Sitios Web > Optimización de Código y Rendimiento","Mejora de HTML, CSS, JavaScript para velocidad, accesibilidad y compatibilidad.",0
"Resolución de Incidencias Técnicas Web","Gestión de Publicaciones Digitales > 2. Desarrollo Técnico y Optimización de Sitios Web > Resolución de Incidencias Técnicas Web","Diagnóstico y corrección de errores, bugs o problemas de funcionalidad en los sitios.",0
"Migración y Actualización de Entornos Técnicos","Gestión de Publicaciones Digitales > 2. Desarrollo Técnico y Optimización de Sitios Web > Migración y Actualización de Entornos Técnicos","Soporte en migraciones de contenido, actualizaciones de plataforma o cambios de servidor.",0
"Gestión de Archivos en Servidores Web","Gestión de Publicaciones Digitales > 3. Gestión de Servidores y Arquitectura Web > Gestión de Archivos en Servidores Web","Administración de archivos HTML, CSS, JS, imágenes y recursos en los servidores del Ministerio.",0
"Configuración y Mantenimiento de Subdominios","Gestión de Publicaciones Digitales > 3. Gestión de Servidores y Arquitectura Web > Configuración y Mantenimiento de Subdominios","Configuración técnica de subdominios como artesparalapaz.mincultura.gov.co.",0
"Monitoreo y Backup de Sitios Web","Gestión de Publicaciones Digitales > 3. Gestión de Servidores y Arquitectura Web > Monitoreo y Backup de Sitios Web","Monitoreo de disponibilidad, realización de copias de seguridad y planes de recuperación.",0
"Coordinación Técnica con Infraestructura TI","Gestión de Publicaciones Digitales > 3. Gestión de Servidores y Arquitectura Web > Coordinación Técnica con Infraestructura TI","Trabajo conjunto con el área de TI para temas de hosting, DNS, seguridad y firewalls.",0
"Soporte Técnico al Grupo de Divulgación y Prensa","Gestión de Publicaciones Digitales > 4. Soporte Técnico Web a Áreas Internas > Soporte Técnico al Grupo de Divulgación y Prensa","Apoyo en publicación de contenidos de prensa, boletines y comunicados oficiales.",0
"Soporte Técnico al Despacho Ministerial","Gestión de Publicaciones Digitales > 4. Soporte Técnico Web a Áreas Internas > Soporte Técnico al Despacho Ministerial","Gestión y actualización técnica de contenidos para el despacho (hojas de vida, agendas, informes).",0
"Soporte a Áreas Especializadas (DACMI, Poblaciones, Internacionales)","Gestión de Publicaciones Digitales > 4. Soporte Técnico Web a Áreas Internas > Soporte a Áreas Especializadas (DACMI, Poblaciones, Internacionales)","Apoyo técnico para publicación de contenidos de áreas técnicas del Ministerio.",0
"Capacitación Técnica a Usuarios Internos","Gestión de Publicaciones Digitales > 4. Soporte Técnico Web a Áreas Internas > Capacitación Técnica a Usuarios Internos","Entrenamiento básico a personal del Ministerio en uso de sistemas de gestión de contenidos.",0
"Gestión de Contenidos Estáticos y Páginas Informativas","Gestión de Publicaciones Digitales > 5. Gestión de Contenidos Estáticos y Documentación Técnica > Gestión de Contenidos Estáticos y Páginas Informativas","Mantenimiento de páginas corporativas, legales, de contacto y transparencia.",0
"Documentación de Procesos y Estructuras Web","Gestión de Publicaciones Digitales > 5. Gestión de Contenidos Estáticos y Documentación Técnica > Documentación de Procesos y Estructuras Web","Elaboración de manuales técnicos, diagramas de arquitectura y documentación de sitios.",0
"Organización del Repositorio de Archivos Digitales","Gestión de Publicaciones Digitales > 5. Gestión de Contenidos Estáticos y Documentación Técnica > Organización del Repositorio de Archivos Digitales","Clasificación y estructuración de imágenes, documentos y recursos multimedia en servidores.",0
"Actualización de Metadatos y SEO Técnico","Gestión de Publicaciones Digitales > 5. Gestión de Contenidos Estáticos y Documentación Técnica > Actualización de Metadatos y SEO Técnico","Actualización de metadatos, etiquetas y optimización SEO técnica.",0
"Alineación Técnica con Estrategia de Gobierno Digital MINTIC","Estrategia y Comunicación Digital > Consultoría y Gestión de Estrategia Digital Integrada > Alineación Técnica con Estrategia de Gobierno Digital MINTIC","Asesoría para asegurar que los canales y contenidos cumplan con estándares técnicos y normativos de gobierno digital.",0
"Diagnóstico Técnico de Capacidades Digitales para Comunicación","Estrategia y Comunicación Digital > Consultoría y Gestión de Estrategia Digital Integrada > Diagnóstico Técnico de Capacidades Digitales para Comunicación","Evaluación de plataformas, herramientas y brechas tecnológicas para la estrategia comunicacional.",0
"Diseño de Arquitectura Tecnológica para la Comunicación Digital","Estrategia y Comunicación Digital > Consultoría y Gestión de Estrategia Digital Integrada > Diseño de Arquitectura Tecnológica para la Comunicación Digital","Planificación de soluciones tecnológicas (CMS, CRM, analytics) que soporten los objetivos de comunicación.",0
"Roadmap Tecnológico para la Evolución de la Comunicación Digital","Estrategia y Comunicación Digital > Consultoría y Gestión de Estrategia Digital Integrada > Roadmap Tecnológico para la Evolución de la Comunicación Digital","Plan de implementación por fases de nuevas tecnologías que potencien la comunicación (ej: IA, automatización).",0
"Registro y seguimiento de gestión en sistema","Estrategia y Comunicación Digital > Registro de Publicaciones y Estadísticas > Registro y seguimiento de gestión en sistema","Registro continuo de solicitudes atendidas en el sistema SAPP como bitácora diaria de publicaciones.",0
"Generación de informes y estadísticas de gestión","Estrategia y Comunicación Digital > Registro de Publicaciones y Estadísticas > Generación de informes y estadísticas de gestión","Generación de informes periódicos (trimestral/semestral) con estadísticas de temáticas, áreas demandantes y formatos utilizados.",0
"Administración Técnica de CMS y Portales Web Institucionales","Estrategia y Comunicación Digital > Gestión Técnica de Plataformas y Canales de Comunicación Digital > Administración Técnica de CMS y Portales Web Institucionales","Gestión de usuarios, actualizaciones, módulos y seguridad del CMS principal y micrositios.",0
"Gestión Técnica de Herramientas de Publicación y Programación","Estrategia y Comunicación Digital > Gestión Técnica de Plataformas y Canales de Comunicación Digital > Gestión Técnica de Herramientas de Publicación y Programación","Administración de herramientas de scheduling (ej: Hootsuite, Buffer), configuración de permisos y flujos de aprobación técnica.",0
"Integración Técnica de Canales Digitales (Omnicanalidad)","Estrategia y Comunicación Digital > Gestión Técnica de Plataformas y Canales de Comunicación Digital > Integración Técnica de Canales Digitales (Omnicanalidad)","Configuración de APIs, webhooks y conexiones entre redes sociales, sitio web, CRM y sistemas internos.",0
"Optimización Técnica para Performance y UX en Canales Digitales","Estrategia y Comunicación Digital > Gestión Técnica de Plataformas y Canales de Comunicación Digital > Optimización Técnica para Performance y UX en Canales Digitales","Mejora de velocidad de carga, diseño responsive, accesibilidad web y experiencia de usuario técnica.",0
"Desarrollo Técnico de Contenidos Web (HTML/CSS/JS)","Estrategia y Comunicación Digital > 3. Producción y Gestión Técnica de Contenidos Digitales > Desarrollo Técnico de Contenidos Web (HTML/CSS/JS)","Codificación, maquetación y creación de landings pages, micrositios y componentes web interactivos.",0
"Producción Técnica de Contenidos Multimedia Optimizados","Estrategia y Comunicación Digital > 3. Producción y Gestión Técnica de Contenidos Digitales > Producción Técnica de Contenidos Multimedia Optimizados","Edición y optimización técnica de videos, imágenes, podcasts y gráficos interactivos para web y redes.",0
"Implementación Técnica de Campañas Digitales","Estrategia y Comunicación Digital > 3. Producción y Gestión Técnica de Contenidos Digitales > Implementación Técnica de Campañas Digitales","Configuración técnica de campañas en plataformas de email marketing, redes sociales ads y Google Ads.",0
"Gestión Técnica del Repositorio de Activos Digitales (DAM)","Estrategia y Comunicación Digital > 3. Producción y Gestión Técnica de Contenidos Digitales > Gestión Técnica del Repositorio de Activos Digitales (DAM)","Administración del sistema de gestión de activos digitales: metadatos, versionado, permisos y integraciones.",0
"Implementación y Configuración de Herramientas de Analytics","Estrategia y Comunicación Digital > 4. Análisis Técnico, Business Intelligence y Reportes Automatizados > Implementación y Configuración de Herramientas de Analytics","Configuración de Google Analytics 4, Meta Business Suite, Google Tag Manager y otros trackers.",0
"Desarrollo de Dashboards y Visualizaciones de Datos Comunicacionales","Estrategia y Comunicación Digital > 4. Análisis Técnico, Business Intelligence y Reportes Automatizados > Desarrollo de Dashboards y Visualizaciones de Datos Comunicacionales","Creación de dashboards en Power BI, Data Studio o similares para métricas de comunicación.",0
"Automatización de Reportes de Performance Digital","Estrategia y Comunicación Digital > 4. Análisis Técnico, Business Intelligence y Reportes Automatizados > Automatización de Reportes de Performance Digital","Configuración de reportes automatizados y alertas basadas en KPIs técnicos y de negocio.",0
"Análisis Técnico de Datos para Optimización de Contenidos y Canales","Estrategia y Comunicación Digital > 4. Análisis Técnico, Business Intelligence y Reportes Automatizados > Análisis Técnico de Datos para Optimización de Contenidos y Canales","Análisis de datos de comportamiento, A/B testing técnico y recomendaciones basadas en datos.",0
"Soporte Técnico de Nivel 2 para Herramientas de Comunicación Digital","Estrategia y Comunicación Digital > 5. Soporte Técnico Especializado y Capacitación Comunicacional-Tecnológica > Soporte Técnico de Nivel 2 para Herramientas de Comunicación Digital","Resolución de incidentes técnicos complejos en CMS, herramientas de diseño, plataformas de social media.",0
"Capacitación Técnica para Equipos de Comunicación","Estrategia y Comunicación Digital > 5. Soporte Técnico Especializado y Capacitación Comunicacional-Tecnológica > Capacitación Técnica para Equipos de Comunicación","Entrenamiento en uso de herramientas tecnológicas, buenas prácticas digitales y tendencias tech-comunicacionales.",0
"Gestión de Incidentes y Cambios en Infraestructura Comunicacional","Estrategia y Comunicación Digital > 5. Soporte Técnico Especializado y Capacitación Comunicacional-Tecnológica > Gestión de Incidentes y Cambios en Infraestructura Comunicacional","Coordinación con áreas de TI para cambios que afecten canales de comunicación (ej: migraciones, actualizaciones).",0
"Asesoría Técnica en Innovación y Tendencias Digitales para Comunicación","Estrategia y Comunicación Digital > 5. Soporte Técnico Especializado y Capacitación Comunicacional-Tecnológica > Asesoría Técnica en Innovación y Tendencias Digitales para Comunicación","Consultoría en implementación de nuevas tecnologías (IA, chatbots, realidad aumentada) para comunicación.",0
"Ejecución de envío de comunicaciones masivas","Estrategia y Comunicación Digital > Envío de comunicaciones masivas > Ejecución de envío de comunicaciones masivas","Configuración y ejecución del envío masivo de comunicaciones por correo electrónico, con control de segmentación y verificación básica de entrega.",0
"Registro y seguimiento de gestión en sistema","Parrilla de Contenidos, Registro y Estadísticas > Registro de Publicaciones y Estadísticas > Registro y seguimiento de gestión en sistema","Registro continuo de solicitudes atendidas en el sistema SAPP como bitácora diaria de publicaciones.",1
"Generación de informes y estadísticas de gestión","Parrilla de Contenidos, Registro y Estadísticas > Registro de Publicaciones y Estadísticas > Generación de informes y estadísticas de gestión","Generación de informes periódicos (trimestral/semestral) con estadísticas de temáticas, áreas demandantes y formatos utilizados.",1
"Auditoría y Aseguramiento de Cumplimiento MINTIC","Gestión e Implementación de la Estrategia Digital Integral > 1. Gobierno Digital y Cumplimiento Normativo TIC > Auditoría y Aseguramiento de Cumplimiento MINTIC","Revisión periódica de sitios web y canales digitales vs. normativa.",0
"Implementación de Componentes de Transparencia y Acceso a la Información","Gestión e Implementación de la Estrategia Digital Integral > 1. Gobierno Digital y Cumplimiento Normativo TIC > Implementación de Componentes de Transparencia y Acceso a la Información","Gestión de secciones de transparencia, PQRS, datos abiertos.",0
"Gestión de Seguridad de la Información en Canales Digitales","Gestión e Implementación de la Estrategia Digital Integral > 1. Gobierno Digital y Cumplimiento Normativo TIC > Gestión de Seguridad de la Información en Canales Digitales","Protocolos de confidencialidad, manejo seguro de contenidos.",0
"Asesoría en Adquisición o Desarrollo de Herramientas Digitales Normativas","Gestión e Implementación de la Estrategia Digital Integral > 1. Gobierno Digital y Cumplimiento Normativo TIC > Asesoría en Adquisición o Desarrollo de Herramientas Digitales Normativas","Soporte para asegurar que nuevas herramientas cumplan la norma.",0
"Actualización de Sección de Transparencia","Gestión e Implementación de la Estrategia Digital Integral > Gobierno Digital y Normatividad > Actualización de Sección de Transparencia","Gestión de contenidos en la sección de transparencia, orden estructural de información según Ley 1712.",0
"Cumplimiento de accesibilidad y lineamientos de Gobierno Digital","Gestión e Implementación de la Estrategia Digital Integral > Gobierno Digital y Normatividad > Cumplimiento de accesibilidad y lineamientos de Gobierno Digital","Verificación y aplicación de Res. 1519/2020, Res. 2893/2020, NTC 5854 y WCAG 2.2 en contenidos y desarrollos.",0
"Respuesta a requerimientos ITA y MIPG","Gestión e Implementación de la Estrategia Digital Integral > Gobierno Digital y Normatividad > Respuesta a requerimientos ITA y MIPG","Atención de solicitudes de los indicadores ITA y MIPG relacionados con presencia web y accesibilidad digital.",0
"Formulación y Documentación del Plan de Comunicación Digital Integral","Gestión e Implementación de la Estrategia Digital Integral > 2. Estrategia y Arquitectura de Comunicación Digital > Formulación y Documentación del Plan de Comunicación Digital Integral","Diseño del plan que integra objetivos, canales, métricas y normativa.",0
"Diseño de la Arquitectura de Información y Experiencia de Usuario (UX)","Gestión e Implementación de la Estrategia Digital Integral > 2. Estrategia y Arquitectura de Comunicación Digital > Diseño de la Arquitectura de Información y Experiencia de Usuario (UX)","Estructura de sitios, flujos de navegación, taxonomía de contenidos.",0
"Gestión de la Parrilla Editorial y Cronograma de Contenidos Digitales","Gestión e Implementación de la Estrategia Digital Integral > 2. Estrategia y Arquitectura de Comunicación Digital > Gestión de la Parrilla Editorial y Cronograma de Contenidos Digitales","Planificación unificada de contenidos para web, redes y otros canales.",0
"Evaluación y Reporte de Alineación Estratégica","Gestión e Implementación de la Estrategia Digital Integral > 2. Estrategia y Arquitectura de Comunicación Digital > Evaluación y Reporte de Alineación Estratégica","Análisis de cómo la ejecución se alinea con los objetivos y la norma.",0
"Desarrollo y Publicación de Sitios Web y Landings (HTML/CSS/JS)","Gestión e Implementación de la Estrategia Digital Integral > 3. Desarrollo, Operación y Mantenimiento Técnico Web > Desarrollo y Publicación de Sitios Web y Landings (HTML/CSS/JS)","Creación técnica de sitios como Artes para la Paz, Palacio 40 años, Ley General de Cultura.",0
"Mantenimiento Correctivo y Evolutivo del Portal Principal","Gestión e Implementación de la Estrategia Digital Integral > 3. Desarrollo, Operación y Mantenimiento Técnico Web > Mantenimiento Correctivo y Evolutivo del Portal Principal","Corrección de errores, actualizaciones de seguridad, mejoras técnicas.",0
"Gestión de Hospedaje, Dominios y Subdominios","Gestión e Implementación de la Estrategia Digital Integral > 3. Desarrollo, Operación y Mantenimiento Técnico Web > Gestión de Hospedaje, Dominios y Subdominios","Administración técnica de servidores, DNS, certificados SSL.",0
"Desarrollo de Aplicativos Web Interactivos (Ej: Mapas de Datos)","Gestión e Implementación de la Estrategia Digital Integral > 3. Desarrollo, Operación y Mantenimiento Técnico Web > Desarrollo de Aplicativos Web Interactivos (Ej: Mapas de Datos)","Programación de funcionalidades especiales como el Mapa de Movilidades.",0
"Edición y Publicación de Contenidos en CMS y HTML","Gestión e Implementación de la Estrategia Digital Integral > 4. Producción y Gestión Integral de Contenidos Digitales > Edición y Publicación de Contenidos en CMS y HTML","Actualización diaria de contenidos en el portal y micrositios.",0
"Producción Multimedia y Cubrimiento de Eventos","Gestión e Implementación de la Estrategia Digital Integral > 4. Producción y Gestión Integral de Contenidos Digitales > Producción Multimedia y Cubrimiento de Eventos","Fotografía, video, streaming y redacción para eventos institucionales.",0
"Gestión de Redes Sociales Institucionales (Desde Perspectiva de Contenido Web)","Gestión e Implementación de la Estrategia Digital Integral > 4. Producción y Gestión Integral de Contenidos Digitales > Gestión de Redes Sociales Institucionales (Desde Perspectiva de Contenido Web)","Coordinación de contenidos web que se derivan a redes, manejo de comunidad.",0
"Gestión del Archivo Digital y Repositorio de Activos","Gestión e Implementación de la Estrategia Digital Integral > 4. Producción y Gestión Integral de Contenidos Digitales > Gestión del Archivo Digital y Repositorio de Activos","Organización, catalogación y preservación de fotos, videos y documentos digitales.",0
"Análisis de Tráfico, Usabilidad y Comportamiento Web (Google Analytics, Heatmaps)","Gestión e Implementación de la Estrategia Digital Integral > 5. Análisis, Métricas y Mejora Continua Digital > Análisis de Tráfico, Usabilidad y Comportamiento Web (Google Analytics, Heatmaps)","Reportes de audiencia, páginas más visitadas, funnel de conversión.",0
"Medición de Desempeño de Contenidos y Campañas Digitales","Gestión e Implementación de la Estrategia Digital Integral > 5. Análisis, Métricas y Mejora Continua Digital > Medición de Desempeño de Contenidos y Campañas Digitales","Análisis de engagement en redes, efectividad de landings, ROI de contenidos.",0
"Pruebas de Usabilidad y Optimización (A/B Testing, SEO Técnico)","Gestión e Implementación de la Estrategia Digital Integral > 5. Análisis, Métricas y Mejora Continua Digital > Pruebas de Usabilidad y Optimización (A/B Testing, SEO Técnico)","Mejoras de velocidad, accesibilidad, posicionamiento en buscadores.",0
"Generación de Reportes Integrales de Gestión Digital","Gestión e Implementación de la Estrategia Digital Integral > 5. Análisis, Métricas y Mejora Continua Digital > Generación de Reportes Integrales de Gestión Digital","Informes consolidados para la toma de decisiones estratégicas.",0
"Actualización de Sección de Transparencia","Implementación de Estrategia de Gobierno Digital > Gobierno Digital y Normatividad > Actualización de Sección de Transparencia","Gestión de contenidos en la sección de transparencia, orden estructural de información según Ley 1712.",1
"Cumplimiento de accesibilidad y lineamientos de Gobierno Digital","Implementación de Estrategia de Gobierno Digital > Gobierno Digital y Normatividad > Cumplimiento de accesibilidad y lineamientos de Gobierno Digital","Verificación y aplicación de Res. 1519/2020, Res. 2893/2020, NTC 5854 y WCAG 2.2 en contenidos y desarrollos.",1
"Respuesta a requerimientos ITA y MIPG","Implementación de Estrategia de Gobierno Digital > Gobierno Digital y Normatividad > Respuesta a requerimientos ITA y MIPG","Atención de solicitudes de los indicadores ITA y MIPG relacionados con presencia web y accesibilidad digital.",1
"Creación de sitios y landings para eventos","Cubrimiento de Eventos y Actividades > Cubrimiento Digital de Eventos > Creación de sitios y landings para eventos","Creación de landings especiales, páginas de inscripción, agendas y calendarios de actividades con producción rápida y urgente.",1
"Actualización y publicación de contenidos de eventos","Cubrimiento de Eventos y Actividades > Cubrimiento Digital de Eventos > Actualización y publicación de contenidos de eventos","Publicación de notas, documentos, enlaces de inscripción y archivos de divulgación durante la vigencia del evento o lanzamiento.",1
"Diseño de la Arquitectura de Contenidos por Canal","Gestión de la Parrilla y Análisis de Contenidos Digitales > 1. Diseño y Programación de la Parrilla Editorial Digital > Diseño de la Arquitectura de Contenidos por Canal","Definir temáticas, formatos y frecuencia para web, redes sociales, boletines.",0
"Programación Semanal/Mensual de Contenidos","Gestión de la Parrilla y Análisis de Contenidos Digitales > 1. Diseño y Programación de la Parrilla Editorial Digital > Programación Semanal/Mensual de Contenidos","Elaborar cronogramas detallados de publicación con fechas, horarios y responsables.",0
"Gestión del Calendario Editorial Digital","Gestión de la Parrilla y Análisis de Contenidos Digitales > 1. Diseño y Programación de la Parrilla Editorial Digital > Gestión del Calendario Editorial Digital","Mantener y actualizar el calendario integrado de contenidos (efemérides, lanzamientos, eventos).",0
"Ajuste de la Parrilla por Prioridades o Coyunturas","Gestión de la Parrilla y Análisis de Contenidos Digitales > 1. Diseño y Programación de la Parrilla Editorial Digital > Ajuste de la Parrilla por Prioridades o Coyunturas","Reorganizar la programación ante noticias de última hora o cambios en prioridades institucionales.",0
"Creación de sitios y landings para eventos","Gestión de la Parrilla y Análisis de Contenidos Digitales > Cubrimiento de Eventos y Actividades > Creación de sitios y landings para eventos","Creación de landings especiales, páginas de inscripción, agendas y calendarios de actividades con producción rápida y urgente.",0
"Actualización y publicación de contenidos de eventos","Gestión de la Parrilla y Análisis de Contenidos Digitales > Cubrimiento de Eventos y Actividades > Actualización y publicación de contenidos de eventos","Publicación de notas, documentos, enlaces de inscripción y archivos de divulgación durante la vigencia del evento o lanzamiento.",0
"Registro Diario de Publicaciones por Canal","Gestión de la Parrilla y Análisis de Contenidos Digitales > 2. Registro y Sistematización de Publicaciones > Registro Diario de Publicaciones por Canal","Documentar cada publicación (fecha, hora, canal, enlace, formato, temática).",0
"Catalogación y Etiquetado de Contenidos","Gestión de la Parrilla y Análisis de Contenidos Digitales > 2. Registro y Sistematización de Publicaciones > Catalogación y Etiquetado de Contenidos","Clasificar publicaciones por temas, áreas, formatos y campañas para filtrado y análisis.",0
"Mantenimiento del Inventario Digital de Contenidos","Gestión de la Parrilla y Análisis de Contenidos Digitales > 2. Registro y Sistematización de Publicaciones > Mantenimiento del Inventario Digital de Contenidos","Actualizar la base de datos o sistema de registro con nueva información y metadatos.",0
"Validación de Consistencia entre Parrilla y Publicaciones","Gestión de la Parrilla y Análisis de Contenidos Digitales > 2. Registro y Sistematización de Publicaciones > Validación de Consistencia entre Parrilla y Publicaciones","Verificar que lo publicado coincida con lo programado y reportar desviaciones.",0
"Generación de Reportes de Estadísticas Básicas","Gestión de la Parrilla y Análisis de Contenidos Digitales > 3. Análisis de Desempeño y Métricas de Contenidos > Generación de Reportes de Estadísticas Básicas","Elaborar informes de alcance, interacciones, clics y seguidores por canal.",0
"Análisis de Temáticas y Formatos más Efectivos","Gestión de la Parrilla y Análisis de Contenidos Digitales > 3. Análisis de Desempeño y Métricas de Contenidos > Análisis de Temáticas y Formatos más Efectivos","Identificar qué temas y tipos de contenido (video, imagen, texto) generan mayor engagement.",0
"Reporte de Desempeño por Área o Dependencia Solicitante","Gestión de la Parrilla y Análisis de Contenidos Digitales > 3. Análisis de Desempeño y Métricas de Contenidos > Reporte de Desempeño por Área o Dependencia Solicitante","Analizar y presentar métricas del contenido relacionado con cada área del Ministerio (Despacho, DACMI, etc.).",0
"Monitoreo de Tendencias y Comportamiento de Audiencia","Gestión de la Parrilla y Análisis de Contenidos Digitales > 3. Análisis de Desempeño y Métricas de Contenidos > Monitoreo de Tendencias y Comportamiento de Audiencia","Analizar cambios en los intereses de la audiencia y proponer ajustes en la estrategia de contenidos.",0
"Elaboración de Informes Ejecutivos de Resultados","Gestión de la Parrilla y Análisis de Contenidos Digitales > 4. Optimización y Recomendaciones Estratégicas > Elaboración de Informes Ejecutivos de Resultados","Sintetizar hallazgos clave y presentarlos a la supervisión y áreas involucradas.",0
"Propuestas de Ajuste a la Estrategia de Contenidos","Gestión de la Parrilla y Análisis de Contenidos Digitales > 4. Optimización y Recomendaciones Estratégicas > Propuestas de Ajuste a la Estrategia de Contenidos","Recomendar cambios en temáticas, frecuencia, horarios o formatos basados en datos.",0
"Soporte para la Toma de Decisiones Comunicacionales","Gestión de la Parrilla y Análisis de Contenidos Digitales > 4. Optimización y Recomendaciones Estratégicas > Soporte para la Toma de Decisiones Comunicacionales","Brindar datos y análisis que sustenten decisiones sobre prioridades de contenido.",0
"Retroalimentación a Creadores de Contenido y Áreas","Gestión de la Parrilla y Análisis de Contenidos Digitales > 4. Optimización y Recomendaciones Estratégicas > Retroalimentación a Creadores de Contenido y Áreas","Socializar resultados y mejores prácticas con los equipos que generan los contenidos.",0
"Checklist Pre-Evento y Confirmación","Cubrimiento y Registro de Eventos > Planificación y Logística para Cubrimiento de Eventos > Checklist Pre-Evento y Confirmación","Lista de verificación final y confirmación de todos los preparativos con el supervisor y el área.",0
"Coordinación de Agenda y Requerimientos del Evento","Cubrimiento y Registro de Eventos > Planificación y Logística para Cubrimiento de Eventos > Coordinación de Agenda y Requerimientos del Evento","Confirmación de fechas, horarios, locaciones y expectativas específicas con el área solicitante.",0
"Logística de Desplazamiento y Montaje","Cubrimiento y Registro de Eventos > Planificación y Logística para Cubrimiento de Eventos > Logística de Desplazamiento y Montaje","Organización de transportes, alojamientos (si aplica) y montaje en sitio.",0
"Planificación Técnica y de Equipos","Cubrimiento y Registro de Eventos > Planificación y Logística para Cubrimiento de Eventos > Planificación Técnica y de Equipos","Definición de equipos necesarios (cámaras, audio, iluminación), permisos y traslados.",0
"Reuniones de seguimiento con supervisión","Cubrimiento y Registro de Eventos > Reuniones de Estrategia Digital > Reuniones de seguimiento con supervisión","Reuniones periódicas con supervisor o coordinador para seguimiento de gestión y priorización.",0
"Reuniones de validación y concepto con áreas","Cubrimiento y Registro de Eventos > Reuniones de Estrategia Digital > Reuniones de validación y concepto con áreas","Sesiones con comunicadores, áreas funcionales y TI para validar contenidos, accesibilidad y conceptos editoriales.",0
"Mesas técnicas para renovación de contenidos","Cubrimiento y Registro de Eventos > Reuniones de Estrategia Digital > Mesas técnicas para renovación de contenidos","Sesiones de proyecto para renovación de secciones, nodos y landings con validaciones desde diseño, comunicación y técnica.",0
"Cobertura para Redes Sociales en Tiempo Real","Cubrimiento y Registro de Eventos > Ejecución y Registro en Vivo de Eventos > Cobertura para Redes Sociales en Tiempo Real","Captura y envío de material (fotos/videos cortos) para publicaciones inmediatas en canales digitales.",0
"Grabación de Video y Audio","Cubrimiento y Registro de Eventos > Ejecución y Registro en Vivo de Eventos > Grabación de Video y Audio","Video profesional de ponencias, entrevistas, actos protocolarios y ambiente general del evento.",0
"Registro de Notas y Minutas en Vivo","Cubrimiento y Registro de Eventos > Ejecución y Registro en Vivo de Eventos > Registro de Notas y Minutas en Vivo","Toma de apuntes, citas clave y redacción de notas informativas durante el desarrollo del evento.",0
"Registro Fotográfico Institucional","Cubrimiento y Registro de Eventos > Ejecución y Registro en Vivo de Eventos > Registro Fotográfico Institucional","Captura de fotografías de alta calidad de los asistentes, momentos clave, escenarios y detalles del evento.",0
"Cubrimiento de Eventos no Programados o Emergentes","Cubrimiento y Registro de Eventos > Soporte Adicional y Gestión de Imprevistos > Cubrimiento de Eventos no Programados o Emergentes","Movilización y ejecución rápida para cubrir eventos que surjan de manera imprevista.",0
"Gestión de Cambios de Última Hora","Cubrimiento y Registro de Eventos > Soporte Adicional y Gestión de Imprevistos > Gestión de Cambios de Última Hora","Replanificación rápida por cambios en agenda, locación o alcance solicitados in situ.",0
"Reporte Post-Evento y Lecciones Aprendidas","Cubrimiento y Registro de Eventos > Soporte Adicional y Gestión de Imprevistos > Reporte Post-Evento y Lecciones Aprendidas","Elaboración de informe breve sobre el desarrollo del cubrimiento, incidencias y recomendaciones para futuros eventos.",0
"Soporte Técnico y Resolución de Problemas en Sitio","Cubrimiento y Registro de Eventos > Soporte Adicional y Gestión de Imprevistos > Soporte Técnico y Resolución de Problemas en Sitio","Solución de fallas de equipos, problemas de conectividad o condiciones adversas durante el evento.",0
"Reuniones de seguimiento con supervisión","Reuniones de Estrategia de Comunicación Digital > Reuniones de Estrategia Digital > Reuniones de seguimiento con supervisión","Reuniones periódicas con supervisor o coordinador para seguimiento de gestión y priorización.",1
"Reuniones de validación y concepto con áreas","Reuniones de Estrategia de Comunicación Digital > Reuniones de Estrategia Digital > Reuniones de validación y concepto con áreas","Sesiones con comunicadores, áreas funcionales y TI para validar contenidos, accesibilidad y conceptos editoriales.",1
"Mesas técnicas para renovación de contenidos","Reuniones de Estrategia de Comunicación Digital > Reuniones de Estrategia Digital > Mesas técnicas para renovación de contenidos","Sesiones de proyecto para renovación de secciones, nodos y landings con validaciones desde diseño, comunicación y técnica.",1
"Custodia y gestión de información reservada","Actividades de Soporte y Tareas Conexas del Contrato > Confidencialidad de Información > Custodia y gestión de información reservada","Manejo de bases de destinatarios, credenciales de plataformas e información sensible de áreas.",0
"Informe de cumplimiento de confidencialidad","Actividades de Soporte y Tareas Conexas del Contrato > Confidencialidad de Información > Informe de cumplimiento de confidencialidad","Generación de reporte describiendo alcance y actividades realizadas para dar cumplimiento a la obligación de confidencialidad.",0
"Ejecución de Tareas Administrativas Conexas","Actividades de Soporte y Tareas Conexas del Contrato > Gestión de Requerimientos Adicionales y No Catalogados > Ejecución de Tareas Administrativas Conexas","Realización de labores de apoyo administrativo, logístico o de coordinación solicitadas.",0
"Ejecución de Tareas Técnicas o Digitales Específicas","Actividades de Soporte y Tareas Conexas del Contrato > Gestión de Requerimientos Adicionales y No Catalogados > Ejecución de Tareas Técnicas o Digitales Específicas","Desarrollo, revisión o implementación de actividades técnicas puntuales en el ámbito digital.",0
"Entrega de Productos o Reportes bajo Demanda","Actividades de Soporte y Tareas Conexas del Contrato > Gestión de Requerimientos Adicionales y No Catalogados > Entrega de Productos o Reportes bajo Demanda","Elaboración y presentación de entregables específicos solicitados fuera de los reportes periódicos.",0
"Recepción y Análisis de Solicitudes de Supervisión","Actividades de Soporte y Tareas Conexas del Contrato > Gestión de Requerimientos Adicionales y No Catalogados > Recepción y Análisis de Solicitudes de Supervisión","Canalización formal, entendimiento del alcance y viabilidad de tareas asignadas puntualmente.",0
"Apoyo Logístico para Eventos o Lanzamientos Digitales","Actividades de Soporte y Tareas Conexas del Contrato > Soporte Logístico y Operativo para Iniciativas Digitales > Apoyo Logístico para Eventos o Lanzamientos Digitales","Coordinación de recursos, espacios o apoyos técnicos para actividades puntuales.",0
"Coordinación con Terceros para Actividades Conexas","Actividades de Soporte y Tareas Conexas del Contrato > Soporte Logístico y Operativo para Iniciativas Digitales > Coordinación con Terceros para Actividades Conexas","Gestión de comunicación y logística con proveedores o aliados para tareas específicas.",0
"Soporte en Gestión de Proyectos Digitales Especiales","Actividades de Soporte y Tareas Conexas del Contrato > Soporte Logístico y Operativo para Iniciativas Digitales > Soporte en Gestión de Proyectos Digitales Especiales","Actividades de seguimiento, coordinación o documentación para proyectos no recurrentes.",0
"Soporte en la Documentación de Procesos Adicionales","Actividades de Soporte y Tareas Conexas del Contrato > Soporte Logístico y Operativo para Iniciativas Digitales > Soporte en la Documentación de Procesos Adicionales","Ayuda en la elaboración de manuales, procedimientos o actas para iniciativas nuevas.",0
"Acompañamiento en Evaluaciones o Auditorías Adicionales","Actividades de Soporte y Tareas Conexas del Contrato > Asesoría y Acompañamiento en Solicitudes Específicas > Acompañamiento en Evaluaciones o Auditorías Adicionales","Soporte durante procesos de evaluación, auditoría o control no programados inicialmente.",0
"Asesoría Puntual en Temas de Comunicación Digital","Actividades de Soporte y Tareas Conexas del Contrato > Asesoría y Acompañamiento en Solicitudes Específicas > Asesoría Puntual en Temas de Comunicación Digital","Consultoría breve y focalizada sobre estrategia, canales o tácticas digitales.",0
"Capacitación o Transferencia de Conocimiento bajo Demanda","Actividades de Soporte y Tareas Conexas del Contrato > Asesoría y Acompañamiento en Solicitudes Específicas > Capacitación o Transferencia de Conocimiento bajo Demanda","Sesiones de entrenamiento o socialización de temas específicos solicitados por la supervisión.",0
"Consultoría para Solución de Problemas Específicos","Actividades de Soporte y Tareas Conexas del Contrato > Asesoría y Acompañamiento en Solicitudes Específicas > Consultoría para Solución de Problemas Específicos","Análisis y propuesta de solución para inconvenientes o cuellos de botella identificados.",0
"Custodia y gestión de información reservada","Confidencialidad de Información Reservada > Gestión de Información Reservada > Custodia y gestión de información reservada","Manejo de bases de destinatarios, credenciales de plataformas e información sensible de áreas.",1
"Informe de cumplimiento de confidencialidad","Confidencialidad de Información Reservada > Gestión de Información Reservada > Informe de cumplimiento de confidencialidad","Generación de reporte describiendo alcance y actividades realizadas para dar cumplimiento a la obligación de confidencialidad.",1
"Correcciones y ajustes de último momento","Demás Actividades Asignadas por el Supervisor > Actividades Asignadas por Supervisor > Correcciones y ajustes de último momento","Correcciones urgentes y ajustes puntuales asignados directamente por el supervisor.",1
"Tareas administrativas e informes","Demás Actividades Asignadas por el Supervisor > Actividades Asignadas por Supervisor > Tareas administrativas e informes","Generación de informes ad-hoc, documentación y coordinación con otras dependencias.",1
"Capacitaciones y sesiones de formación","Demás Actividades Asignadas por el Supervisor > Actividades Asignadas por Supervisor > Capacitaciones y sesiones de formación","Capacitaciones recibidas de órganos de control, otras dependencias o plataformas tecnológicas.",1
"Asignación de tarea no especificada","Demás Actividades Asignadas por el Supervisor > Actividades Asignadas por Supervisor > Asignación de tarea no especificada","Cualquier otra actividad asignada que no encaje en los subservicios anteriores ni en otras familias.",1
